Profile Name,Start Time,Duration,Game Title,Game Version,Platform,Device Type,Country,Esn,Ip
Daniel,2025-03-03 19:38:32,600,Storyteller,1.1.19.2,androidGame,samsung_SM-G960U,CA,NFANDROID1-PRV-P-L3-SAMSUSM-G960U-22585-0CEEA2CA652C30B15DB228308DAC2E64349F2B053F840772F772E60467118B0EB,138.51.79.246
Daniel,2025-03-02 06:42:24,355,Storyteller,1.1.19.2,androidGame,samsung_SM-G960U,CA,NFANDROID1-PRV-P-L3-SAMSUSM-G960U-22585-0CEEA2CA652C30B15DB228308DAC2E64349F2B053F840772F772E60467118B0EB,209.141.173.80
Daniel,2024-10-10 05:09:41,420,Laya's Horizon,1.7.673,androidGame,HXY_MP05,CA,NFANDROID1-PRV-P-L3-HXY==MP05-8158-024ADE953DD3644E63FBE98C9B0CDDC31AD932498C0050AC2EA47F2080765D06D,2607:fea8:11dc:f9e0:21c0:c2c6:78d0:cbe3
Daniel,2024-08-29 00:55:06,480,Flutter Butterflies,3.211,androidGame,HXY_MP05,CA,NFANDROID1-PRV-P-L3-HXY==MP05-8158-01EDFFA3C406A76864AF68F20A2AE16D98A414162881C9580467C0EB4A132A84F,2607:fea8:11dc:f9e0:6d49:c660:4ebb:7d4d
Daniel,2024-08-28 21:40:01,562,Flutter Butterflies,3.211,androidGame,HXY_MP05,CA,NFANDROID1-PRV-P-L3-HXY==MP05-8158-01EDFFA3C406A76864AF68F20A2AE16D98A414162881C9580467C0EB4A132A84F,2607:fea8:11dc:f9e0:6d49:c660:4ebb:7d4d
Daniel,2024-08-28 02:26:33,300,Flutter Butterflies,3.211,androidGame,HXY_MP05,CA,NFANDROID1-PRV-P-L3-HXY==MP05-8158-01EDFFA3C406A76864AF68F20A2AE16D98A414162881C9580467C0EB4A132A84F,209.141.173.80
Daniel,2024-08-26 16:50:55,0,Flutter Butterflies,3.211,androidGame,HXY_MP05,CA,NFANDROID1-PRV-P-L3-HXY==MP05-8158-01EDFFA3C406A76864AF68F20A2AE16D98A414162881C9580467C0EB4A132A84F,209.141.173.80
Daniel,2024-08-26 16:50:40,0,Flutter Butterflies,3.211,androidGame,HXY_MP05,CA,NFANDROID1-PRV-P-L3-HXY==MP05-8158-01EDFFA3C406A76864AF68F20A2AE16D98A414162881C9580467C0EB4A132A84F,2607:fea8:11dc:f9e0:71aa:2ce5:3fe2:c787
Daniel,2024-08-25 22:41:46,9,Flutter Butterflies,3.211,androidGame,HXY_MP05,CA,NFANDROID1-PRV-P-L3-HXY==MP05-8158-01EDFFA3C406A76864AF68F20A2AE16D98A414162881C9580467C0EB4A132A84F,209.141.173.80
Daniel,2024-08-25 22:33:44,420,Flutter Butterflies,3.211,androidGame,HXY_MP05,CA,NFANDROID1-PRV-P-L3-HXY==MP05-8158-01EDFFA3C406A76864AF68F20A2AE16D98A414162881C9580467C0EB4A132A84F,2607:fea8:11dc:f9e0:88cc:1f6e:2479:b2c9
Daniel,2024-08-25 05:21:30,360,Flutter Butterflies,3.211,androidGame,HXY_MP05,CA,NFANDROID1-PRV-P-L3-HXY==MP05-8158-01EDFFA3C406A76864AF68F20A2AE16D98A414162881C9580467C0EB4A132A84F,2607:fea8:11dc:f9e0:41d5:8f12:a61e:d8a7
Daniel,2024-08-25 00:39:23,217,Flutter Butterflies,3.211,androidGame,HXY_MP05,CA,NFANDROID1-PRV-P-L3-HXY==MP05-8158-01EDFFA3C406A76864AF68F20A2AE16D98A414162881C9580467C0EB4A132A84F,2607:fea8:11dc:f9e0:f464:aa5e:2ae9:3cf7
Daniel,2024-08-23 18:55:10,0,Flutter Butterflies,3.211,androidGame,HXY_MP05,CA,NFANDROID1-PRV-P-L3-HXY==MP05-8158-01EDFFA3C406A76864AF68F20A2AE16D98A414162881C9580467C0EB4A132A84F,209.141.173.80
Daniel,2024-08-23 16:48:06,60,Flutter Butterflies,3.211,androidGame,HXY_MP05,CA,NFANDROID1-PRV-P-L3-HXY==MP05-8158-01EDFFA3C406A76864AF68F20A2AE16D98A414162881C9580467C0EB4A132A84F,209.141.173.80
Daniel,2024-08-22 17:53:24,300,Flutter Butterflies,3.211,androidGame,HXY_MP05,CA,NFANDROID1-PRV-P-L3-HXY==MP05-8158-01EDFFA3C406A76864AF68F20A2AE16D98A414162881C9580467C0EB4A132A84F,209.141.173.80
Daniel,2024-08-22 11:06:09,19,Flutter Butterflies,3.211,androidGame,HXY_MP05,CA,NFANDROID1-PRV-P-L3-HXY==MP05-8158-01EDFFA3C406A76864AF68F20A2AE16D98A414162881C9580467C0EB4A132A84F,209.141.173.80
Daniel,2024-08-22 10:59:08,360,Flutter Butterflies,3.211,androidGame,HXY_MP05,CA,NFANDROID1-PRV-P-L3-HXY==MP05-8158-01EDFFA3C406A76864AF68F20A2AE16D98A414162881C9580467C0EB4A132A84F,209.141.173.80
Daniel,2024-08-22 03:12:37,0,Flutter Butterflies,3.211,androidGame,HXY_MP05,CA,NFANDROID1-PRV-P-L3-HXY==MP05-8158-01EDFFA3C406A76864AF68F20A2AE16D98A414162881C9580467C0EB4A132A84F,209.141.173.80
Daniel,2024-08-22 03:12:34,360,Flutter Butterflies,3.211,androidGame,HXY_MP05,CA,NFANDROID1-PRV-P-L3-HXY==MP05-8158-01EDFFA3C406A76864AF68F20A2AE16D98A414162881C9580467C0EB4A132A84F,209.141.173.80
Daniel,2024-08-21 16:26:28,240,Flutter Butterflies,3.211,androidGame,HXY_MP05,CA,NFANDROID1-PRV-P-L3-HXY==MP05-8158-01EDFFA3C406A76864AF68F20A2AE16D98A414162881C9580467C0EB4A132A84F,209.141.173.80
Daniel,2024-08-21 05:10:23,540,Flutter Butterflies,3.211,androidGame,HXY_MP05,CA,NFANDROID1-PRV-P-L3-HXY==MP05-8158-01EDFFA3C406A76864AF68F20A2AE16D98A414162881C9580467C0EB4A132A84F,209.141.173.80
Daniel,2024-08-21 00:49:02,27,Flutter Butterflies,3.211,androidGame,HXY_MP05,CA,NFANDROID1-PRV-P-L3-HXY==MP05-8158-01EDFFA3C406A76864AF68F20A2AE16D98A414162881C9580467C0EB4A132A84F,209.141.173.80
Daniel,2024-08-21 00:43:01,338,Flutter Butterflies,3.211,androidGame,HXY_MP05,CA,NFANDROID1-PRV-P-L3-HXY==MP05-8158-01EDFFA3C406A76864AF68F20A2AE16D98A414162881C9580467C0EB4A132A84F,209.141.173.80
Daniel,2024-08-20 16:16:22,30,Flutter Butterflies,3.211,androidGame,HXY_MP05,CA,NFANDROID1-PRV-P-L3-HXY==MP05-8158-01EDFFA3C406A76864AF68F20A2AE16D98A414162881C9580467C0EB4A132A84F,209.141.173.80
Daniel,2024-08-20 16:11:22,240,Flutter Butterflies,3.211,androidGame,HXY_MP05,CA,NFANDROID1-PRV-P-L3-HXY==MP05-8158-01EDFFA3C406A76864AF68F20A2AE16D98A414162881C9580467C0EB4A132A84F,209.141.173.80
Daniel,2024-08-20 07:36:48,45,Flutter Butterflies,3.211,androidGame,HXY_MP05,CA,NFANDROID1-PRV-P-L3-HXY==MP05-8158-01EDFFA3C406A76864AF68F20A2AE16D98A414162881C9580467C0EB4A132A84F,209.141.173.80
Daniel,2024-08-20 07:32:48,164,Flutter Butterflies,3.211,androidGame,HXY_MP05,CA,NFANDROID1-PRV-P-L3-HXY==MP05-8158-01EDFFA3C406A76864AF68F20A2AE16D98A414162881C9580467C0EB4A132A84F,209.141.173.80
Daniel,2024-08-20 03:22:48,156,Flutter Butterflies,3.211,androidGame,HXY_MP05,CA,NFANDROID1-PRV-P-L3-HXY==MP05-8158-01EDFFA3C406A76864AF68F20A2AE16D98A414162881C9580467C0EB4A132A84F,209.141.173.80
Daniel,2024-08-20 01:05:35,0,Flutter Butterflies,3.211,androidGame,HXY_MP05,CA,NFANDROID1-PRV-P-L3-HXY==MP05-8158-01EDFFA3C406A76864AF68F20A2AE16D98A414162881C9580467C0EB4A132A84F,209.141.173.80
Daniel,2024-08-20 00:18:50,780,Flutter Butterflies,3.211,androidGame,HXY_MP05,CA,NFANDROID1-PRV-P-L3-HXY==MP05-8158-01EDFFA3C406A76864AF68F20A2AE16D98A414162881C9580467C0EB4A132A84F,209.141.173.80
Daniel,2024-08-19 22:02:05,0,Flutter Butterflies,3.211,androidGame,HXY_MP05,CA,NFANDROID1-PRV-P-L3-HXY==MP05-8158-01EDFFA3C406A76864AF68F20A2AE16D98A414162881C9580467C0EB4A132A84F,209.141.173.80
Daniel,2024-08-19 21:21:18,360,Flutter Butterflies,3.211,androidGame,HXY_MP05,CA,NFANDROID1-PRV-P-L3-HXY==MP05-8158-01EDFFA3C406A76864AF68F20A2AE16D98A414162881C9580467C0EB4A132A84F,209.141.173.80
Daniel,2024-08-19 19:32:39,1129,Flutter Butterflies,3.211,androidGame,HXY_MP05,CA,NFANDROID1-PRV-P-L3-HXY==MP05-8158-01EDFFA3C406A76864AF68F20A2AE16D98A414162881C9580467C0EB4A132A84F,209.141.173.80
Daniel,2024-08-19 17:50:56,120,Flutter Butterflies,3.211,androidGame,HXY_MP05,CA,NFANDROID1-PRV-P-L3-HXY==MP05-8158-01EDFFA3C406A76864AF68F20A2AE16D98A414162881C9580467C0EB4A132A84F,209.141.173.80
Daniel,2024-08-19 08:18:32,57,Flutter Butterflies,3.211,androidGame,HXY_MP05,CA,NFANDROID1-PRV-P-L3-HXY==MP05-8158-01EDFFA3C406A76864AF68F20A2AE16D98A414162881C9580467C0EB4A132A84F,209.141.173.80
Daniel,2024-08-19 08:13:32,236,Flutter Butterflies,3.211,androidGame,HXY_MP05,CA,NFANDROID1-PRV-P-L3-HXY==MP05-8158-01EDFFA3C406A76864AF68F20A2AE16D98A414162881C9580467C0EB4A132A84F,209.141.173.80
Daniel,2024-08-19 00:40:21,391,Flutter Butterflies,3.211,androidGame,HXY_MP05,CA,NFANDROID1-PRV-P-L3-HXY==MP05-8158-01EDFFA3C406A76864AF68F20A2AE16D98A414162881C9580467C0EB4A132A84F,209.141.173.80
Daniel,2024-08-18 21:36:48,240,Flutter Butterflies,3.211,androidGame,HXY_MP05,CA,NFANDROID1-PRV-P-L3-HXY==MP05-8158-01EDFFA3C406A76864AF68F20A2AE16D98A414162881C9580467C0EB4A132A84F,209.141.173.80
Daniel,2024-08-18 17:11:27,66,Flutter Butterflies,3.211,androidGame,HXY_MP05,CA,NFANDROID1-PRV-P-L3-HXY==MP05-8158-01EDFFA3C406A76864AF68F20A2AE16D98A414162881C9580467C0EB4A132A84F,209.141.173.80
Daniel,2024-08-18 17:09:27,59,Flutter Butterflies,3.211,androidGame,HXY_MP05,CA,NFANDROID1-PRV-P-L3-HXY==MP05-8158-01EDFFA3C406A76864AF68F20A2AE16D98A414162881C9580467C0EB4A132A84F,209.141.173.80
Daniel,2024-08-18 13:15:40,60,Flutter Butterflies,3.211,androidGame,HXY_MP05,CA,NFANDROID1-PRV-P-L3-HXY==MP05-8158-01EDFFA3C406A76864AF68F20A2AE16D98A414162881C9580467C0EB4A132A84F,209.141.173.80
Daniel,2024-08-18 11:05:43,15,Flutter Butterflies,3.211,androidGame,HXY_MP05,CA,NFANDROID1-PRV-P-L3-HXY==MP05-8158-01EDFFA3C406A76864AF68F20A2AE16D98A414162881C9580467C0EB4A132A84F,209.141.173.80
Daniel,2024-08-18 11:03:42,59,Flutter Butterflies,3.211,androidGame,HXY_MP05,CA,NFANDROID1-PRV-P-L3-HXY==MP05-8158-01EDFFA3C406A76864AF68F20A2AE16D98A414162881C9580467C0EB4A132A84F,209.141.173.80
Daniel,2024-08-18 06:51:56,180,Flutter Butterflies,3.211,androidGame,HXY_MP05,CA,NFANDROID1-PRV-P-L3-HXY==MP05-8158-01EDFFA3C406A76864AF68F20A2AE16D98A414162881C9580467C0EB4A132A84F,209.141.173.80
Daniel,2024-08-18 04:05:16,1169,Flutter Butterflies,3.211,androidGame,HXY_MP05,CA,NFANDROID1-PRV-P-L3-HXY==MP05-8158-01EDFFA3C406A76864AF68F20A2AE16D98A414162881C9580467C0EB4A132A84F,209.141.173.80
Daniel,2024-08-17 23:39:54,6,Flutter Butterflies,3.211,androidGame,HXY_MP05,CA,NFANDROID1-PRV-P-L3-HXY==MP05-8158-01EDFFA3C406A76864AF68F20A2AE16D98A414162881C9580467C0EB4A132A84F,209.141.173.80
Daniel,2024-08-17 23:37:53,59,Flutter Butterflies,3.211,androidGame,HXY_MP05,CA,NFANDROID1-PRV-P-L3-HXY==MP05-8158-01EDFFA3C406A76864AF68F20A2AE16D98A414162881C9580467C0EB4A132A84F,2607:fea8:11dc:f9e0:c0a5:1774:ebd9:2132
Daniel,2024-08-17 22:17:27,480,Flutter Butterflies,3.211,androidGame,HXY_MP05,CA,NFANDROID1-PRV-P-L3-HXY==MP05-8158-01EDFFA3C406A76864AF68F20A2AE16D98A414162881C9580467C0EB4A132A84F,2607:fea8:11dc:f9e0:c0a5:1774:ebd9:2132
Daniel,2024-08-17 15:46:02,88,Flutter Butterflies,3.211,androidGame,HXY_MP05,CA,NFANDROID1-PRV-P-L3-HXY==MP05-8158-01EDFFA3C406A76864AF68F20A2AE16D98A414162881C9580467C0EB4A132A84F,209.141.173.80
Daniel,2024-08-17 15:42:01,179,Flutter Butterflies,3.211,androidGame,HXY_MP05,CA,NFANDROID1-PRV-P-L3-HXY==MP05-8158-01EDFFA3C406A76864AF68F20A2AE16D98A414162881C9580467C0EB4A132A84F,2607:fea8:11dc:f9e0:c0a5:1774:ebd9:2132
Daniel,2024-08-16 20:12:43,0,Flutter Butterflies,3.211,androidGame,HXY_MP05,CA,NFANDROID1-PRV-P-L3-HXY==MP05-8158-01EDFFA3C406A76864AF68F20A2AE16D98A414162881C9580467C0EB4A132A84F,205.189.187.4
Daniel,2024-08-16 20:10:07,31,Flutter Butterflies,3.211,androidGame,HXY_MP05,CA,NFANDROID1-PRV-P-L3-HXY==MP05-8158-01EDFFA3C406A76864AF68F20A2AE16D98A414162881C9580467C0EB4A132A84F,205.189.187.4
Daniel,2024-08-16 13:34:12,114,Flutter Butterflies,3.211,androidGame,HXY_MP05,CA,NFANDROID1-PRV-P-L3-HXY==MP05-8158-01EDFFA3C406A76864AF68F20A2AE16D98A414162881C9580467C0EB4A132A84F,2607:fea8:11dc:f9e0:c0a5:1774:ebd9:2132
Daniel,2024-08-16 13:26:11,592,Flutter Butterflies,3.211,androidGame,HXY_MP05,CA,NFANDROID1-PRV-P-L3-HXY==MP05-8158-01EDFFA3C406A76864AF68F20A2AE16D98A414162881C9580467C0EB4A132A84F,2607:fea8:11dc:f9e0:414f:fcc3:663b:20e0
Daniel,2024-08-16 06:10:44,119,Flutter Butterflies,3.211,androidGame,HXY_MP05,CA,NFANDROID1-PRV-P-L3-HXY==MP05-8158-01EDFFA3C406A76864AF68F20A2AE16D98A414162881C9580467C0EB4A132A84F,2607:fea8:11dc:f9e0:a037:6104:76d2:e115
Daniel,2024-08-16 05:03:35,540,Flutter Butterflies,3.211,androidGame,HXY_MP05,CA,NFANDROID1-PRV-P-L3-HXY==MP05-8158-01EDFFA3C406A76864AF68F20A2AE16D98A414162881C9580467C0EB4A132A84F,2607:fea8:11dc:f9e0:a037:6104:76d2:e115
Daniel,2024-08-16 00:15:17,93,Flutter Butterflies,3.211,androidGame,HXY_MP05,CA,NFANDROID1-PRV-P-L3-HXY==MP05-8158-01EDFFA3C406A76864AF68F20A2AE16D98A414162881C9580467C0EB4A132A84F,2607:fea8:11dc:f9e0:c0a5:1774:ebd9:2132
Daniel,2024-08-16 00:14:17,0,Flutter Butterflies,3.211,androidGame,HXY_MP05,CA,NFANDROID1-PRV-P-L3-HXY==MP05-8158-01EDFFA3C406A76864AF68F20A2AE16D98A414162881C9580467C0EB4A132A84F,138.51.80.156
Daniel,2024-08-15 20:43:17,180,Flutter Butterflies,3.211,androidGame,HXY_MP05,CA,NFANDROID1-PRV-P-L3-HXY==MP05-8158-01EDFFA3C406A76864AF68F20A2AE16D98A414162881C9580467C0EB4A132A84F,2606:fa00:8a0:700:b451:c81e:7093:2232
Daniel,2024-08-15 09:04:04,240,Flutter Butterflies,3.211,androidGame,HXY_MP05,CA,NFANDROID1-PRV-P-L3-HXY==MP05-8158-01EDFFA3C406A76864AF68F20A2AE16D98A414162881C9580467C0EB4A132A84F,209.141.173.80
Daniel,2024-08-15 07:07:19,300,Flutter Butterflies,3.211,androidGame,HXY_MP05,CA,NFANDROID1-PRV-P-L3-HXY==MP05-8158-01EDFFA3C406A76864AF68F20A2AE16D98A414162881C9580467C0EB4A132A84F,209.141.173.80
Daniel,2024-08-15 04:22:59,4052,SpongeBob: Get Cooking,2.0.0,androidGame,HXY_MP05,CA,NFANDROID1-PRV-P-L3-HXY==MP05-8158-0DC15073F912EF558991E862515BBCD8F8ACF70FD52FAC0E41662E47C7F2FC876,209.141.173.80
Daniel,2024-08-15 04:07:57,59,Flutter Butterflies,3.211,androidGame,HXY_MP05,CA,NFANDROID1-PRV-P-L3-HXY==MP05-8158-01EDFFA3C406A76864AF68F20A2AE16D98A414162881C9580467C0EB4A132A84F,209.141.173.80
Daniel,2024-08-15 02:31:02,359,Flutter Butterflies,3.211,androidGame,HXY_MP05,CA,NFANDROID1-PRV-P-L3-HXY==MP05-8158-01EDFFA3C406A76864AF68F20A2AE16D98A414162881C9580467C0EB4A132A84F,209.141.173.80
Daniel,2024-08-15 02:30:02,0,Flutter Butterflies,3.211,androidGame,HXY_MP05,CA,NFANDROID1-PRV-P-L3-HXY==MP05-8158-01EDFFA3C406A76864AF68F20A2AE16D98A414162881C9580467C0EB4A132A84F,138.51.80.156
Daniel,2024-08-15 01:28:25,180,Flutter Butterflies,3.211,androidGame,HXY_MP05,CA,NFANDROID1-PRV-P-L3-HXY==MP05-8158-01EDFFA3C406A76864AF68F20A2AE16D98A414162881C9580467C0EB4A132A84F,209.141.173.80
Daniel,2024-08-14 23:01:52,119,Flutter Butterflies,3.211,androidGame,HXY_MP05,CA,NFANDROID1-PRV-P-L3-HXY==MP05-8158-01EDFFA3C406A76864AF68F20A2AE16D98A414162881C9580467C0EB4A132A84F,209.141.173.80
Daniel,2024-08-14 22:31:32,22,Flutter Butterflies,3.211,androidGame,HXY_MP05,CA,NFANDROID1-PRV-P-L3-HXY==MP05-8158-01EDFFA3C406A76864AF68F20A2AE16D98A414162881C9580467C0EB4A132A84F,138.51.80.156
Daniel,2024-08-14 22:27:31,179,Flutter Butterflies,3.211,androidGame,HXY_MP05,CA,NFANDROID1-PRV-P-L3-HXY==MP05-8158-01EDFFA3C406A76864AF68F20A2AE16D98A414162881C9580467C0EB4A132A84F,209.141.173.80
Daniel,2024-08-14 21:11:37,19,Flutter Butterflies,3.211,androidGame,HXY_MP05,CA,NFANDROID1-PRV-P-L3-HXY==MP05-8158-01EDFFA3C406A76864AF68F20A2AE16D98A414162881C9580467C0EB4A132A84F,138.51.80.156
Daniel,2024-08-14 21:03:36,420,Flutter Butterflies,3.211,androidGame,HXY_MP05,CA,NFANDROID1-PRV-P-L3-HXY==MP05-8158-01EDFFA3C406A76864AF68F20A2AE16D98A414162881C9580467C0EB4A132A84F,209.141.173.80
Daniel,2024-08-14 16:20:02,0,Flutter Butterflies,3.211,androidGame,HXY_MP05,CA,NFANDROID1-PRV-P-L3-HXY==MP05-8158-01EDFFA3C406A76864AF68F20A2AE16D98A414162881C9580467C0EB4A132A84F,209.141.173.80
Daniel,2024-08-14 16:15:01,348,Flutter Butterflies,3.211,androidGame,HXY_MP05,CA,NFANDROID1-PRV-P-L3-HXY==MP05-8158-01EDFFA3C406A76864AF68F20A2AE16D98A414162881C9580467C0EB4A132A84F,209.141.173.80
Daniel,2024-08-14 08:45:46,39,Flutter Butterflies,3.211,androidGame,HXY_MP05,CA,NFANDROID1-PRV-P-L3-HXY==MP05-8158-01EDFFA3C406A76864AF68F20A2AE16D98A414162881C9580467C0EB4A132A84F,209.141.173.80
Daniel,2024-08-14 08:42:46,120,Flutter Butterflies,3.211,androidGame,HXY_MP05,CA,NFANDROID1-PRV-P-L3-HXY==MP05-8158-01EDFFA3C406A76864AF68F20A2AE16D98A414162881C9580467C0EB4A132A84F,209.141.173.80
Daniel,2024-08-13 20:49:06,300,Flutter Butterflies,3.211,androidGame,HXY_MP05,CA,NFANDROID1-PRV-P-L3-HXY==MP05-8158-01EDFFA3C406A76864AF68F20A2AE16D98A414162881C9580467C0EB4A132A84F,209.141.173.80
Daniel,2024-08-13 19:48:05,300,Flutter Butterflies,3.211,androidGame,HXY_MP05,CA,NFANDROID1-PRV-P-L3-HXY==MP05-8158-01EDFFA3C406A76864AF68F20A2AE16D98A414162881C9580467C0EB4A132A84F,209.141.173.80
Daniel,2024-08-13 17:49:56,720,Flutter Butterflies,3.211,androidGame,HXY_MP05,CA,NFANDROID1-PRV-P-L3-HXY==MP05-8158-01EDFFA3C406A76864AF68F20A2AE16D98A414162881C9580467C0EB4A132A84F,209.141.173.80
Daniel,2024-08-13 05:26:38,23,Flutter Butterflies,3.211,androidGame,HXY_MP05,CA,NFANDROID1-PRV-P-L3-HXY==MP05-8158-01EDFFA3C406A76864AF68F20A2AE16D98A414162881C9580467C0EB4A132A84F,209.141.173.80
Daniel,2024-08-13 05:25:38,120,Flutter Butterflies,3.211,androidGame,HXY_MP05,CA,NFANDROID1-PRV-P-L3-HXY==MP05-8158-01EDFFA3C406A76864AF68F20A2AE16D98A414162881C9580467C0EB4A132A84F,209.141.173.80
Daniel,2024-08-13 04:50:11,60,Flutter Butterflies,3.211,androidGame,HXY_MP05,CA,NFANDROID1-PRV-P-L3-HXY==MP05-8158-01EDFFA3C406A76864AF68F20A2AE16D98A414162881C9580467C0EB4A132A84F,209.141.173.80
Daniel,2024-08-13 03:41:13,115,Flutter Butterflies,3.211,androidGame,HXY_MP05,CA,NFANDROID1-PRV-P-L3-HXY==MP05-8158-01EDFFA3C406A76864AF68F20A2AE16D98A414162881C9580467C0EB4A132A84F,209.141.173.80
Daniel,2024-08-13 03:40:13,311,Flutter Butterflies,3.211,androidGame,HXY_MP05,CA,NFANDROID1-PRV-P-L3-HXY==MP05-8158-01EDFFA3C406A76864AF68F20A2AE16D98A414162881C9580467C0EB4A132A84F,209.141.173.80
Daniel,2024-08-12 21:17:03,60,Flutter Butterflies,3.211,androidGame,HXY_MP05,CA,NFANDROID1-PRV-P-L3-HXY==MP05-8158-01EDFFA3C406A76864AF68F20A2AE16D98A414162881C9580467C0EB4A132A84F,209.141.173.80
Daniel,2024-08-12 20:34:17,0,Flutter Butterflies,3.211,androidGame,HXY_MP05,CA,NFANDROID1-PRV-P-L3-HXY==MP05-8158-01EDFFA3C406A76864AF68F20A2AE16D98A414162881C9580467C0EB4A132A84F,209.141.173.80
Daniel,2024-08-12 19:20:50,49,Flutter Butterflies,3.211,androidGame,HXY_MP05,CA,NFANDROID1-PRV-P-L3-HXY==MP05-8158-01EDFFA3C406A76864AF68F20A2AE16D98A414162881C9580467C0EB4A132A84F,209.141.173.80
Daniel,2024-08-12 19:16:49,180,Flutter Butterflies,3.211,androidGame,HXY_MP05,CA,NFANDROID1-PRV-P-L3-HXY==MP05-8158-01EDFFA3C406A76864AF68F20A2AE16D98A414162881C9580467C0EB4A132A84F,209.141.173.80
Daniel,2024-08-12 18:25:41,360,Flutter Butterflies,3.211,androidGame,HXY_MP05,CA,NFANDROID1-PRV-P-L3-HXY==MP05-8158-01EDFFA3C406A76864AF68F20A2AE16D98A414162881C9580467C0EB4A132A84F,209.141.173.80
Daniel,2024-08-12 10:24:05,59,Flutter Butterflies,3.211,androidGame,HXY_MP05,CA,NFANDROID1-PRV-P-L3-HXY==MP05-8158-01EDFFA3C406A76864AF68F20A2AE16D98A414162881C9580467C0EB4A132A84F,209.141.173.80
Daniel,2024-08-12 01:27:57,34,Flutter Butterflies,3.211,androidGame,HXY_MP05,CA,NFANDROID1-PRV-P-L3-HXY==MP05-8158-01EDFFA3C406A76864AF68F20A2AE16D98A414162881C9580467C0EB4A132A84F,209.141.173.80
Daniel,2024-08-12 01:26:55,0,Flutter Butterflies,3.211,androidGame,HXY_MP05,CA,NFANDROID1-PRV-P-L3-HXY==MP05-8158-01EDFFA3C406A76864AF68F20A2AE16D98A414162881C9580467C0EB4A132A84F,209.141.173.80
Daniel,2024-08-12 00:41:43,120,Flutter Butterflies,3.211,androidGame,HXY_MP05,CA,NFANDROID1-PRV-P-L3-HXY==MP05-8158-01EDFFA3C406A76864AF68F20A2AE16D98A414162881C9580467C0EB4A132A84F,209.141.173.80
Daniel,2024-08-11 23:02:46,19,Flutter Butterflies,3.211,androidGame,HXY_MP05,CA,NFANDROID1-PRV-P-L3-HXY==MP05-8158-01EDFFA3C406A76864AF68F20A2AE16D98A414162881C9580467C0EB4A132A84F,209.141.173.80
Daniel,2024-08-11 23:02:04,30,Flutter Butterflies,3.211,androidGame,HXY_MP05,CA,NFANDROID1-PRV-P-L3-HXY==MP05-8158-01EDFFA3C406A76864AF68F20A2AE16D98A414162881C9580467C0EB4A132A84F,209.141.173.80
Daniel,2024-08-11 22:08:31,2,Flutter Butterflies,3.211,androidGame,HXY_MP05,CA,NFANDROID1-PRV-P-L3-HXY==MP05-8158-01EDFFA3C406A76864AF68F20A2AE16D98A414162881C9580467C0EB4A132A84F,209.141.173.80
Daniel,2024-08-11 22:03:31,239,Flutter Butterflies,3.211,androidGame,HXY_MP05,CA,NFANDROID1-PRV-P-L3-HXY==MP05-8158-01EDFFA3C406A76864AF68F20A2AE16D98A414162881C9580467C0EB4A132A84F,209.141.173.80
Daniel,2024-08-11 21:14:09,120,Flutter Butterflies,3.211,androidGame,HXY_MP05,CA,NFANDROID1-PRV-P-L3-HXY==MP05-8158-01EDFFA3C406A76864AF68F20A2AE16D98A414162881C9580467C0EB4A132A84F,209.141.173.80
Daniel,2024-08-11 19:33:36,0,Flutter Butterflies,3.211,androidGame,HXY_MP05,CA,NFANDROID1-PRV-P-L3-HXY==MP05-8158-01EDFFA3C406A76864AF68F20A2AE16D98A414162881C9580467C0EB4A132A84F,209.141.173.80
Daniel,2024-08-11 19:15:34,1436,Flutter Butterflies,3.211,androidGame,HXY_MP05,CA,NFANDROID1-PRV-P-L3-HXY==MP05-8158-01EDFFA3C406A76864AF68F20A2AE16D98A414162881C9580467C0EB4A132A84F,209.141.173.80
Daniel,2024-08-11 14:44:43,119,Flutter Butterflies,3.211,androidGame,HXY_MP05,CA,NFANDROID1-PRV-P-L3-HXY==MP05-8158-01EDFFA3C406A76864AF68F20A2AE16D98A414162881C9580467C0EB4A132A84F,209.141.173.80
Daniel,2024-08-11 13:34:22,3,Flutter Butterflies,3.211,androidGame,HXY_MP05,CA,NFANDROID1-PRV-P-L3-HXY==MP05-8158-01EDFFA3C406A76864AF68F20A2AE16D98A414162881C9580467C0EB4A132A84F,209.141.173.80
Daniel,2024-08-11 13:32:16,60,Flutter Butterflies,3.211,androidGame,HXY_MP05,CA,NFANDROID1-PRV-P-L3-HXY==MP05-8158-01EDFFA3C406A76864AF68F20A2AE16D98A414162881C9580467C0EB4A132A84F,209.141.173.80
Daniel,2024-08-11 08:56:20,15,Flutter Butterflies,3.211,androidGame,HXY_MP05,CA,NFANDROID1-PRV-P-L3-HXY==MP05-8158-01EDFFA3C406A76864AF68F20A2AE16D98A414162881C9580467C0EB4A132A84F,209.141.173.80
Daniel,2024-08-11 08:46:19,720,Flutter Butterflies,3.211,androidGame,HXY_MP05,CA,NFANDROID1-PRV-P-L3-HXY==MP05-8158-01EDFFA3C406A76864AF68F20A2AE16D98A414162881C9580467C0EB4A132A84F,209.141.173.80
Daniel,2024-08-11 03:36:07,0,Flutter Butterflies,3.211,androidGame,HXY_MP05,CA,NFANDROID1-PRV-P-L3-HXY==MP05-8158-01EDFFA3C406A76864AF68F20A2AE16D98A414162881C9580467C0EB4A132A84F,209.141.173.80
Daniel,2024-08-11 03:35:41,0,Flutter Butterflies,3.211,androidGame,HXY_MP05,CA,NFANDROID1-PRV-P-L3-HXY==MP05-8158-01EDFFA3C406A76864AF68F20A2AE16D98A414162881C9580467C0EB4A132A84F,209.141.173.80
Daniel,2024-08-10 23:39:22,275,Flutter Butterflies,3.211,androidGame,HXY_MP05,CA,NFANDROID1-PRV-P-L3-HXY==MP05-8158-01EDFFA3C406A76864AF68F20A2AE16D98A414162881C9580467C0EB4A132A84F,209.141.173.80
Daniel,2024-08-10 22:32:06,261,Flutter Butterflies,3.211,androidGame,HXY_MP05,CA,NFANDROID1-PRV-P-L3-HXY==MP05-8158-01EDFFA3C406A76864AF68F20A2AE16D98A414162881C9580467C0EB4A132A84F,209.141.173.80
Daniel,2024-08-10 22:31:29,71,Flutter Butterflies,3.211,androidGame,HXY_MP05,CA,NFANDROID1-PRV-P-L3-HXY==MP05-8158-01EDFFA3C406A76864AF68F20A2AE16D98A414162881C9580467C0EB4A132A84F,209.141.173.80
Daniel,2024-08-10 21:23:34,1,Flutter Butterflies,3.211,androidGame,HXY_MP05,CA,NFANDROID1-PRV-P-L3-HXY==MP05-8158-01EDFFA3C406A76864AF68F20A2AE16D98A414162881C9580467C0EB4A132A84F,209.141.173.80
Daniel,2024-08-10 21:21:32,59,Flutter Butterflies,3.211,androidGame,HXY_MP05,CA,NFANDROID1-PRV-P-L3-HXY==MP05-8158-01EDFFA3C406A76864AF68F20A2AE16D98A414162881C9580467C0EB4A132A84F,209.141.173.80
Daniel,2024-08-10 20:04:19,28,Flutter Butterflies,3.211,androidGame,HXY_MP05,CA,NFANDROID1-PRV-P-L3-HXY==MP05-8158-01EDFFA3C406A76864AF68F20A2AE16D98A414162881C9580467C0EB4A132A84F,209.141.173.80
Daniel,2024-08-10 19:24:20,180,Flutter Butterflies,3.211,androidGame,HXY_MP05,CA,NFANDROID1-PRV-P-L3-HXY==MP05-8158-01EDFFA3C406A76864AF68F20A2AE16D98A414162881C9580467C0EB4A132A84F,209.141.173.80
Daniel,2024-08-10 18:02:43,59,Flutter Butterflies,3.211,androidGame,HXY_MP05,CA,NFANDROID1-PRV-P-L3-HXY==MP05-8158-01EDFFA3C406A76864AF68F20A2AE16D98A414162881C9580467C0EB4A132A84F,209.141.173.80
Daniel,2024-08-10 16:49:56,540,Flutter Butterflies,3.211,androidGame,HXY_MP05,CA,NFANDROID1-PRV-P-L3-HXY==MP05-8158-01EDFFA3C406A76864AF68F20A2AE16D98A414162881C9580467C0EB4A132A84F,209.141.173.80
Daniel,2024-08-10 07:14:13,360,Flutter Butterflies,3.211,androidGame,HXY_MP05,CA,NFANDROID1-PRV-P-L3-HXY==MP05-8158-01EDFFA3C406A76864AF68F20A2AE16D98A414162881C9580467C0EB4A132A84F,209.141.173.80
Daniel,2024-08-10 06:33:28,348,Flutter Butterflies,3.211,androidGame,HXY_MP05,CA,NFANDROID1-PRV-P-L3-HXY==MP05-8158-01EDFFA3C406A76864AF68F20A2AE16D98A414162881C9580467C0EB4A132A84F,209.141.173.80
Daniel,2024-08-10 03:59:09,0,Flutter Butterflies,3.211,androidGame,HXY_MP05,CA,NFANDROID1-PRV-P-L3-HXY==MP05-8158-01EDFFA3C406A76864AF68F20A2AE16D98A414162881C9580467C0EB4A132A84F,209.141.173.80
Daniel,2024-08-10 03:58:09,180,Flutter Butterflies,3.211,androidGame,HXY_MP05,CA,NFANDROID1-PRV-P-L3-HXY==MP05-8158-01EDFFA3C406A76864AF68F20A2AE16D98A414162881C9580467C0EB4A132A84F,209.141.173.80
Daniel,2024-08-10 02:20:55,0,Flutter Butterflies,3.211,androidGame,HXY_MP05,CA,NFANDROID1-PRV-P-L3-HXY==MP05-8158-01EDFFA3C406A76864AF68F20A2AE16D98A414162881C9580467C0EB4A132A84F,209.141.173.80
Daniel,2024-08-10 00:31:00,240,Flutter Butterflies,3.211,androidGame,HXY_MP05,CA,NFANDROID1-PRV-P-L3-HXY==MP05-8158-01EDFFA3C406A76864AF68F20A2AE16D98A414162881C9580467C0EB4A132A84F,209.141.173.80
Daniel,2024-08-09 22:02:34,720,Flutter Butterflies,3.211,androidGame,HXY_MP05,CA,NFANDROID1-PRV-P-L3-HXY==MP05-8158-01EDFFA3C406A76864AF68F20A2AE16D98A414162881C9580467C0EB4A132A84F,209.141.173.80
Daniel,2024-08-09 20:38:28,84,Flutter Butterflies,3.211,androidGame,HXY_MP05,CA,NFANDROID1-PRV-P-L3-HXY==MP05-8158-01EDFFA3C406A76864AF68F20A2AE16D98A414162881C9580467C0EB4A132A84F,209.141.173.80
Daniel,2024-08-09 20:35:28,1260,Flutter Butterflies,3.211,androidGame,HXY_MP05,CA,NFANDROID1-PRV-P-L3-HXY==MP05-8158-01EDFFA3C406A76864AF68F20A2AE16D98A414162881C9580467C0EB4A132A84F,209.141.173.80
Daniel,2024-08-09 19:04:31,646,Flutter Butterflies,3.211,androidGame,HXY_MP05,CA,NFANDROID1-PRV-P-L3-HXY==MP05-8158-01EDFFA3C406A76864AF68F20A2AE16D98A414162881C9580467C0EB4A132A84F,209.141.173.80
Daniel,2024-08-09 18:11:36,53,Flutter Butterflies,3.211,androidGame,HXY_MP05,CA,NFANDROID1-PRV-P-L3-HXY==MP05-8158-01EDFFA3C406A76864AF68F20A2AE16D98A414162881C9580467C0EB4A132A84F,209.141.173.80
Daniel,2024-08-09 18:00:35,600,Flutter Butterflies,3.211,androidGame,HXY_MP05,CA,NFANDROID1-PRV-P-L3-HXY==MP05-8158-01EDFFA3C406A76864AF68F20A2AE16D98A414162881C9580467C0EB4A132A84F,209.141.173.80
Daniel,2024-08-09 09:13:59,49,Flutter Butterflies,3.211,androidGame,HXY_MP05,CA,NFANDROID1-PRV-P-L3-HXY==MP05-8158-01EDFFA3C406A76864AF68F20A2AE16D98A414162881C9580467C0EB4A132A84F,209.141.173.80
Daniel,2024-08-09 09:07:59,300,Flutter Butterflies,3.211,androidGame,HXY_MP05,CA,NFANDROID1-PRV-P-L3-HXY==MP05-8158-01EDFFA3C406A76864AF68F20A2AE16D98A414162881C9580467C0EB4A132A84F,209.141.173.80
Daniel,2024-08-08 23:09:05,4,Flutter Butterflies,3.211,androidGame,HXY_MP05,CA,NFANDROID1-PRV-P-L3-HXY==MP05-8158-01EDFFA3C406A76864AF68F20A2AE16D98A414162881C9580467C0EB4A132A84F,209.141.173.80
Daniel,2024-08-08 23:03:05,299,Flutter Butterflies,3.211,androidGame,HXY_MP05,CA,NFANDROID1-PRV-P-L3-HXY==MP05-8158-01EDFFA3C406A76864AF68F20A2AE16D98A414162881C9580467C0EB4A132A84F,209.141.173.80
Daniel,2024-08-08 22:09:39,300,Flutter Butterflies,3.211,androidGame,HXY_MP05,CA,NFANDROID1-PRV-P-L3-HXY==MP05-8158-01EDFFA3C406A76864AF68F20A2AE16D98A414162881C9580467C0EB4A132A84F,209.141.173.80
Daniel,2024-08-08 19:28:40,240,Flutter Butterflies,3.211,androidGame,HXY_MP05,CA,NFANDROID1-PRV-P-L3-HXY==MP05-8158-01EDFFA3C406A76864AF68F20A2AE16D98A414162881C9580467C0EB4A132A84F,209.141.173.80
Daniel,2024-08-08 15:50:29,179,Flutter Butterflies,3.211,androidGame,HXY_MP05,CA,NFANDROID1-PRV-P-L3-HXY==MP05-8158-01EDFFA3C406A76864AF68F20A2AE16D98A414162881C9580467C0EB4A132A84F,209.141.173.80
Daniel,2024-08-08 06:10:36,119,Flutter Butterflies,3.211,androidGame,HXY_MP05,CA,NFANDROID1-PRV-P-L3-HXY==MP05-8158-01EDFFA3C406A76864AF68F20A2AE16D98A414162881C9580467C0EB4A132A84F,209.141.173.80
Daniel,2024-08-08 06:09:36,0,Flutter Butterflies,3.211,androidGame,HXY_MP05,CA,NFANDROID1-PRV-P-L3-HXY==MP05-8158-01EDFFA3C406A76864AF68F20A2AE16D98A414162881C9580467C0EB4A132A84F,209.141.173.80
Daniel,2024-08-08 05:09:42,120,Flutter Butterflies,3.211,androidGame,HXY_MP05,CA,NFANDROID1-PRV-P-L3-HXY==MP05-8158-01EDFFA3C406A76864AF68F20A2AE16D98A414162881C9580467C0EB4A132A84F,209.141.173.80
Daniel,2024-08-08 03:25:48,0,Flutter Butterflies,3.211,androidGame,HXY_MP05,CA,NFANDROID1-PRV-P-L3-HXY==MP05-8158-01EDFFA3C406A76864AF68F20A2AE16D98A414162881C9580467C0EB4A132A84F,209.141.173.80
Daniel,2024-08-08 03:21:47,180,Flutter Butterflies,3.211,androidGame,HXY_MP05,CA,NFANDROID1-PRV-P-L3-HXY==MP05-8158-01EDFFA3C406A76864AF68F20A2AE16D98A414162881C9580467C0EB4A132A84F,209.141.173.80
Daniel,2024-08-08 00:02:44,132,Flutter Butterflies,3.211,androidGame,HXY_MP05,CA,NFANDROID1-PRV-P-L3-HXY==MP05-8158-01EDFFA3C406A76864AF68F20A2AE16D98A414162881C9580467C0EB4A132A84F,209.141.173.80
Daniel,2024-08-08 00:01:43,179,Flutter Butterflies,3.211,androidGame,HXY_MP05,CA,NFANDROID1-PRV-P-L3-HXY==MP05-8158-01EDFFA3C406A76864AF68F20A2AE16D98A414162881C9580467C0EB4A132A84F,209.141.173.80
Daniel,2024-08-07 19:53:31,1136,Flutter Butterflies,3.211,androidGame,HXY_MP05,CA,NFANDROID1-PRV-P-L3-HXY==MP05-8158-01EDFFA3C406A76864AF68F20A2AE16D98A414162881C9580467C0EB4A132A84F,209.141.173.80
Daniel,2024-08-07 18:01:21,179,Flutter Butterflies,3.211,androidGame,HXY_MP05,CA,NFANDROID1-PRV-P-L3-HXY==MP05-8158-01EDFFA3C406A76864AF68F20A2AE16D98A414162881C9580467C0EB4A132A84F,209.141.173.80
Daniel,2024-08-07 17:14:57,300,Flutter Butterflies,3.211,androidGame,HXY_MP05,CA,NFANDROID1-PRV-P-L3-HXY==MP05-8158-01EDFFA3C406A76864AF68F20A2AE16D98A414162881C9580467C0EB4A132A84F,209.141.173.80
Daniel,2024-08-07 12:27:46,456,Flutter Butterflies,3.211,androidGame,HXY_MP05,CA,NFANDROID1-PRV-P-L3-HXY==MP05-8158-01EDFFA3C406A76864AF68F20A2AE16D98A414162881C9580467C0EB4A132A84F,209.141.173.80
Daniel,2024-08-07 11:13:59,300,Flutter Butterflies,3.211,androidGame,HXY_MP05,CA,NFANDROID1-PRV-P-L3-HXY==MP05-8158-01EDFFA3C406A76864AF68F20A2AE16D98A414162881C9580467C0EB4A132A84F,209.141.173.80
Daniel,2024-08-07 06:48:35,49,Flutter Butterflies,3.211,androidGame,HXY_MP05,CA,NFANDROID1-PRV-P-L3-HXY==MP05-8158-01EDFFA3C406A76864AF68F20A2AE16D98A414162881C9580467C0EB4A132A84F,209.141.173.80
Daniel,2024-08-07 06:46:33,60,Flutter Butterflies,3.211,androidGame,HXY_MP05,CA,NFANDROID1-PRV-P-L3-HXY==MP05-8158-01EDFFA3C406A76864AF68F20A2AE16D98A414162881C9580467C0EB4A132A84F,209.141.173.80
Daniel,2024-08-07 02:35:52,60,Flutter Butterflies,3.211,androidGame,HXY_MP05,CA,NFANDROID1-PRV-P-L3-HXY==MP05-8158-01EDFFA3C406A76864AF68F20A2AE16D98A414162881C9580467C0EB4A132A84F,209.141.173.80
Daniel,2024-08-07 01:09:45,10,Flutter Butterflies,3.211,androidGame,HXY_MP05,CA,NFANDROID1-PRV-P-L3-HXY==MP05-8158-01EDFFA3C406A76864AF68F20A2AE16D98A414162881C9580467C0EB4A132A84F,209.141.173.80
Daniel,2024-08-07 01:05:44,179,Flutter Butterflies,3.211,androidGame,HXY_MP05,CA,NFANDROID1-PRV-P-L3-HXY==MP05-8158-01EDFFA3C406A76864AF68F20A2AE16D98A414162881C9580467C0EB4A132A84F,209.141.173.80
Daniel,2024-08-06 22:33:57,59,Flutter Butterflies,3.211,androidGame,HXY_MP05,CA,NFANDROID1-PRV-P-L3-HXY==MP05-8158-01EDFFA3C406A76864AF68F20A2AE16D98A414162881C9580467C0EB4A132A84F,209.141.173.80
Daniel,2024-08-06 21:37:52,127,Flutter Butterflies,3.211,androidGame,HXY_MP05,CA,NFANDROID1-PRV-P-L3-HXY==MP05-8158-01EDFFA3C406A76864AF68F20A2AE16D98A414162881C9580467C0EB4A132A84F,209.141.173.80
Daniel,2024-08-06 20:55:03,480,Flutter Butterflies,3.211,androidGame,HXY_MP05,CA,NFANDROID1-PRV-P-L3-HXY==MP05-8158-01EDFFA3C406A76864AF68F20A2AE16D98A414162881C9580467C0EB4A132A84F,209.141.173.80
Daniel,2024-08-06 19:54:32,240,Flutter Butterflies,3.211,androidGame,HXY_MP05,CA,NFANDROID1-PRV-P-L3-HXY==MP05-8158-01EDFFA3C406A76864AF68F20A2AE16D98A414162881C9580467C0EB4A132A84F,209.141.173.80
Daniel,2024-08-06 17:56:45,3,Flutter Butterflies,3.211,androidGame,HXY_MP05,CA,NFANDROID1-PRV-P-L3-HXY==MP05-8158-01EDFFA3C406A76864AF68F20A2AE16D98A414162881C9580467C0EB4A132A84F,209.141.173.80
Daniel,2024-08-06 17:54:43,59,Flutter Butterflies,3.211,androidGame,HXY_MP05,CA,NFANDROID1-PRV-P-L3-HXY==MP05-8158-01EDFFA3C406A76864AF68F20A2AE16D98A414162881C9580467C0EB4A132A84F,209.141.173.80
Daniel,2024-08-06 17:05:48,0,Flutter Butterflies,3.211,androidGame,HXY_MP05,CA,NFANDROID1-PRV-P-L3-HXY==MP05-8158-01EDFFA3C406A76864AF68F20A2AE16D98A414162881C9580467C0EB4A132A84F,209.141.173.80
Daniel,2024-08-06 17:02:48,300,Flutter Butterflies,3.211,androidGame,HXY_MP05,CA,NFANDROID1-PRV-P-L3-HXY==MP05-8158-01EDFFA3C406A76864AF68F20A2AE16D98A414162881C9580467C0EB4A132A84F,209.141.173.80
Daniel,2024-08-06 16:12:29,179,Flutter Butterflies,3.211,androidGame,HXY_MP05,CA,NFANDROID1-PRV-P-L3-HXY==MP05-8158-01EDFFA3C406A76864AF68F20A2AE16D98A414162881C9580467C0EB4A132A84F,209.141.173.80
Daniel,2024-08-06 14:41:26,43,Flutter Butterflies,3.211,androidGame,HXY_MP05,CA,NFANDROID1-PRV-P-L3-HXY==MP05-8158-01EDFFA3C406A76864AF68F20A2AE16D98A414162881C9580467C0EB4A132A84F,209.141.173.80
Daniel,2024-08-06 14:29:23,660,Flutter Butterflies,3.211,androidGame,HXY_MP05,CA,NFANDROID1-PRV-P-L3-HXY==MP05-8158-01EDFFA3C406A76864AF68F20A2AE16D98A414162881C9580467C0EB4A132A84F,209.141.173.80
Daniel,2024-08-06 06:58:03,59,Flutter Butterflies,3.211,androidGame,HXY_MP05,CA,NFANDROID1-PRV-P-L3-HXY==MP05-8158-01EDFFA3C406A76864AF68F20A2AE16D98A414162881C9580467C0EB4A132A84F,209.141.173.80
Daniel,2024-08-06 06:23:23,119,Flutter Butterflies,3.211,androidGame,HXY_MP05,CA,NFANDROID1-PRV-P-L3-HXY==MP05-8158-01EDFFA3C406A76864AF68F20A2AE16D98A414162881C9580467C0EB4A132A84F,209.141.173.80
Daniel,2024-08-06 04:52:17,607,Flutter Butterflies,3.211,androidGame,HXY_MP05,CA,NFANDROID1-PRV-P-L3-HXY==MP05-8158-01EDFFA3C406A76864AF68F20A2AE16D98A414162881C9580467C0EB4A132A84F,209.141.173.80
Daniel,2024-08-06 02:28:06,120,Flutter Butterflies,3.211,androidGame,HXY_MP05,CA,NFANDROID1-PRV-P-L3-HXY==MP05-8158-01EDFFA3C406A76864AF68F20A2AE16D98A414162881C9580467C0EB4A132A84F,209.141.173.80
Daniel,2024-08-06 01:40:08,0,Flutter Butterflies,3.211,androidGame,HXY_MP05,CA,NFANDROID1-PRV-P-L3-HXY==MP05-8158-01EDFFA3C406A76864AF68F20A2AE16D98A414162881C9580467C0EB4A132A84F,209.141.173.80
Daniel,2024-08-06 00:05:16,613,Flutter Butterflies,3.211,androidGame,HXY_MP05,CA,NFANDROID1-PRV-P-L3-HXY==MP05-8158-01EDFFA3C406A76864AF68F20A2AE16D98A414162881C9580467C0EB4A132A84F,209.141.173.80
Daniel,2024-08-05 23:15:22,120,Flutter Butterflies,3.211,androidGame,HXY_MP05,CA,NFANDROID1-PRV-P-L3-HXY==MP05-8158-01EDFFA3C406A76864AF68F20A2AE16D98A414162881C9580467C0EB4A132A84F,209.141.173.80
Daniel,2024-08-05 22:04:48,360,Flutter Butterflies,3.211,androidGame,HXY_MP05,CA,NFANDROID1-PRV-P-L3-HXY==MP05-8158-01EDFFA3C406A76864AF68F20A2AE16D98A414162881C9580467C0EB4A132A84F,209.141.173.80
Daniel,2024-08-05 20:55:25,1007,Flutter Butterflies,3.211,androidGame,HXY_MP05,CA,NFANDROID1-PRV-P-L3-HXY==MP05-8158-01EDFFA3C406A76864AF68F20A2AE16D98A414162881C9580467C0EB4A132A84F,209.141.173.80
Daniel,2024-08-05 18:43:09,120,Flutter Butterflies,3.211,androidGame,HXY_MP05,CA,NFANDROID1-PRV-P-L3-HXY==MP05-8158-01EDFFA3C406A76864AF68F20A2AE16D98A414162881C9580467C0EB4A132A84F,209.141.173.80
Daniel,2024-08-05 17:58:11,119,Flutter Butterflies,3.211,androidGame,HXY_MP05,CA,NFANDROID1-PRV-P-L3-HXY==MP05-8158-01EDFFA3C406A76864AF68F20A2AE16D98A414162881C9580467C0EB4A132A84F,209.141.173.80
Daniel,2024-08-05 16:10:36,835,Flutter Butterflies,3.211,androidGame,HXY_MP05,CA,NFANDROID1-PRV-P-L3-HXY==MP05-8158-01EDFFA3C406A76864AF68F20A2AE16D98A414162881C9580467C0EB4A132A84F,209.141.173.80
Daniel,2024-08-05 11:49:10,299,Flutter Butterflies,3.211,androidGame,HXY_MP05,CA,NFANDROID1-PRV-P-L3-HXY==MP05-8158-01EDFFA3C406A76864AF68F20A2AE16D98A414162881C9580467C0EB4A132A84F,209.141.173.80
Daniel,2024-08-05 09:04:16,114,Flutter Butterflies,3.211,androidGame,HXY_MP05,CA,NFANDROID1-PRV-P-L3-HXY==MP05-8158-01EDFFA3C406A76864AF68F20A2AE16D98A414162881C9580467C0EB4A132A84F,209.141.173.80
Daniel,2024-08-05 05:52:26,258,Flutter Butterflies,3.211,androidGame,HXY_MP05,CA,NFANDROID1-PRV-P-L3-HXY==MP05-8158-01EDFFA3C406A76864AF68F20A2AE16D98A414162881C9580467C0EB4A132A84F,209.141.173.80
Daniel,2024-08-05 04:37:13,5230,Flutter Butterflies,3.211,androidGame,HXY_MP05,CA,NFANDROID1-PRV-P-L3-HXY==MP05-8158-01EDFFA3C406A76864AF68F20A2AE16D98A414162881C9580467C0EB4A132A84F,209.141.173.80
Daniel,2024-07-20 00:48:05,27,Too Hot to Handle: Love Is a Game,1.0.9,androidGame,HXY_MP05,CA,NFANDROID1-PRV-P-L3-HXY==MP05-8158-017DE41C32FE6C5346A63E86D5BB0A9781FEA1DC1A2A6D9CF49F5B9A78FB21616,209.141.173.80
Daniel,2024-07-19 23:39:59,719,Too Hot to Handle: Love Is a Game,1.0.9,androidGame,HXY_MP05,CA,NFANDROID1-PRV-P-L3-HXY==MP05-8158-017DE41C32FE6C5346A63E86D5BB0A9781FEA1DC1A2A6D9CF49F5B9A78FB21616,209.141.173.80
Daniel,2024-07-01 03:17:10,0,Before Your Eyes,1.2.65,androidGame,HXY_MP05,CA,NFANDROID1-PRV-P-L3-HXY==MP05-8158-00880172EAE35B62CDE3EA9AC6AD22F2FEFF3E9D6B1727CD8815E4CECBDB6935E,209.141.173.80
Daniel,2024-06-30 23:51:48,418,Before Your Eyes,1.2.65,androidGame,HXY_MP05,CA,NFANDROID1-PRV-P-L3-HXY==MP05-8158-00880172EAE35B62CDE3EA9AC6AD22F2FEFF3E9D6B1727CD8815E4CECBDB6935E,209.141.173.80
